[{"title":"Test Title","text":"Test text","id":1},{"title":"kitchen","text":"hello world and welcome to my app\n\n\n\njkbdjsbdjbks\nvjbksbksv\nslbvjkbkjs\nskbvkjsbkj","id":2},{"title":"mere toy","text":"jbhdsbjabjhdbjhbdjbz\nzvjhzkbzkjbxk\nxkcbkxbc","id":3},{"title":"kitchen table","text":"this is a file about the kitchen table\nit contains wood top table top and more  than \none type of counter top","id":4},{"title":"more about ","text":"this is a note about express. It is used in the backend development of software and web applications\nand is also used to manage and use data to manipulate and extrapolate data.\nIt is used to create a stand alone server.","id":5}]